company,website,category,source,status
Air Masters of Tampa Bay,https://www.airmasters.net/,HVAC,web_search,new
Cool Today Tampa HVAC,https://www.cooltoday.com/tampa,HVAC,web_search,new
3H AC,https://3hac.com/,HVAC,web_search,new
Varsity Zone Tampa HVAC,https://www.varsityzone.com/tampa-fl/,HVAC,web_search,new
Tampa Bay Air Conditioning,https://www.tampabayac.net/,HVAC,web_search,new
McNatt Plumbing,https://mcnattplumbing.com/,Plumbing,web_search,new
Olin Plumbing Tampa,https://www.plumberstampa.com/,Plumbing,web_search,new
Cornerstone Plumbing,https://cornerstoneplumbingcompany.com/,Plumbing,web_search,new
Turbo Plumbing,https://turboplumbingtampa.com/,Plumbing,web_search,new
Bill Shields Roofing,https://www.billshieldsroofing.com/,Roofing,web_search,new
Tampa Bay Roofing Services,https://tampabayroofing.com/,Roofing,web_search,new
West Florida Roofing,https://westroofingfl.com/,Roofing,web_search,new
Sutter Roofing Tampa,https://sutterroofing.com/tampa-location/,Roofing,web_search,new
Southern Roofing Services,https://southernroofingcompany.com/,Roofing,web_search,new
Forest Air,https://www.forestairac.com/,HVAC,web_search,new
Phillips Air Conditioning & Heating,https://www.airphillips.com/,HVAC,web_search,new
Marlin James Air Conditioning & Heating,https://www.marlinjames.com/st-petersburg/,HVAC,web_search,new
Kron & West,https://www.kronwest.com/,HVAC,web_search,new
Clearwater Plumbing,https://clearwaterplumbing.com/,Plumbing,web_search,new
Clearwater Plumbing Co,https://clearwaterplumbingco.com/,Plumbing,web_search,new
