company,website,category,score,emails,primary_email,contact_pages,status
McNatt Plumbing,https://mcnattplumbing.com/,Plumbing,15,info@mcnattplumbing.com,info@mcnattplumbing.com,https://mcnattplumbing.com/tampa-plumbing-free-estimate/;https://mcnattplumbing.com/contact;https://mcnattplumbing.com/contact-us;https://mcnattplumbing.com/request-service;https://mcnattplumbing.com/schedule-service,ok
Olin Plumbing Tampa,https://www.plumberstampa.com/,Plumbing,18,info@olinplumbinginc.com;yourname@gmail.com,info@olinplumbinginc.com,https://www.plumberstampa.com/;https://www.plumberstampa.com/contact/;https://www.plumberstampa.com/contact;https://www.plumberstampa.com/contact-us;https://www.plumberstampa.com/request-service,ok
Cornerstone Plumbing,https://cornerstoneplumbingcompany.com/,Plumbing,20,hello@cornerstoneplumbingcompany.com,hello@cornerstoneplumbingcompany.com,https://cornerstoneplumbingcompany.com/;https://cornerstoneplumbingcompany.com/company/contact/;https://cornerstoneplumbingcompany.com/Schedule-Services/;https://cornerstoneplumbingcompany.com/contact;https://cornerstoneplumbingcompany.com/contact-us,ok
Turbo Plumbing,https://turboplumbingtampa.com/,Plumbing,17,contact@turboplumbingtampa.com;flags@2x.png,contact@turboplumbingtampa.com,https://turboplumbingtampa.com/contact-us;https://turboplumbingtampa.com/contact;https://turboplumbingtampa.com/request-service;https://turboplumbingtampa.com/schedule-service;https://turboplumbingtampa.com/get-a-quote,ok
Bill Shields Roofing,https://www.billshieldsroofing.com/,Roofing,16,,,https://www.billshieldsroofing.com/contact-our-roofing-team;https://www.billshieldsroofing.com/contact;https://www.billshieldsroofing.com/contact-us;https://www.billshieldsroofing.com/request-service;https://www.billshieldsroofing.com/schedule-service,ok
Tampa Bay Roofing Services,https://tampabayroofing.com/,Roofing,17,,,https://tampabayroofing.com/about-us/contact-us/;https://tampabayroofing.com/;https://tampabayroofing.com/get-a-quote/;https://tampabayroofing.com/contact;https://tampabayroofing.com/contact-us,ok
West Florida Roofing,https://westroofingfl.com/,Roofing,15,info@flwestcoastroofing.com;info@westroofingfl.com,info@flwestcoastroofing.com,https://westroofingfl.com/contact-us/;https://westroofingfl.com/#elementor-action%3Aaction%3Dpopup%3Aopen%26settings%3DeyJpZCI6IjkwNzciLCJ0b2dnbGUiOmZhbHNlfQ%3D%3D;https://westroofingfl.com/contact;https://westroofingfl.com/contact-us;https://westroofingfl.com/request-service,ok
Sutter Roofing Tampa,https://sutterroofing.com/tampa-location/,Roofing,14,,,https://sutterroofing.com/contact/;https://sutterroofing.com/tampa-location/#elementor-action%3Aaction%3Dpopup%3Aopen%26settings%3DeyJpZCI6IjUxMzUiLCJ0b2dnbGUiOmZhbHNlfQ%3D%3D;https://www.sutterroofing.com/contact-sutter-roofing/;https://sutterroofing.com/contact;https://sutterroofing.com/contact-us,ok
Southern Roofing Services,https://southernroofingcompany.com/,Roofing,12,,,https://southernroofingcompany.com/contact;https://southernroofingcompany.com/;https://southernroofingcompany.com/contact-us;https://southernroofingcompany.com/request-service;https://southernroofingcompany.com/schedule-service,ok
Clearwater Plumbing,https://clearwaterplumbing.com/,Plumbing,15,info@clearwaterplumbing.us,info@clearwaterplumbing.us,https://clearwaterplumbing.com/contact-us/;https://clearwaterplumbing.com/contact;https://clearwaterplumbing.com/contact-us;https://clearwaterplumbing.com/request-service;https://clearwaterplumbing.com/schedule-service,ok
Clearwater Plumbing Co,https://clearwaterplumbingco.com/,Plumbing,17,,,https://clearwaterplumbingco.com/contact/;https://clearwaterplumbingco.com/contact/            ;https://clearwaterplumbingco.com/contact;https://clearwaterplumbingco.com/contact-us;https://clearwaterplumbingco.com/request-service,ok
