company_name,phone,city,region,contact,niche,status,source
911 AC LLC,,Cape Coral,Central Inland Florida,,HVAC,new,florida_hvac_first_call_batch_150.csv
A 1 Air Conditioning Of Central Florida INC,,Auburndale,Central Inland Florida,,HVAC,new,florida_hvac_first_call_batch_150.csv
A1 Air Conditioning INC,,Lake Placid,Central Inland Florida,,HVAC,new,florida_hvac_first_call_batch_150.csv
A1 Air Solutions LLC,,Okeechobee,Central Inland Florida,,HVAC,new,florida_hvac_first_call_batch_150.csv
Air Pro Cooling And Heating LLC,,Okeechobee,Central Inland Florida,,HVAC,new,florida_hvac_first_call_batch_150.csv
Bobby Fords AC LLC,,Haines City,Central Inland Florida,,HVAC,new,florida_hvac_first_call_batch_150.csv
Browns AC INC,,Auburndale,Central Inland Florida,,HVAC,new,florida_hvac_first_call_batch_150.csv
Budget Heating And Cooling INC,,Auburndale,Central Inland Florida,,HVAC,new,florida_hvac_first_call_batch_150.csv
Cornelius Welding INC,,Frostproof,Central Inland Florida,,HVAC,new,florida_hvac_first_call_batch_150.csv
Double M Air Conditioning INC,,Tampa,Central Inland Florida,,HVAC,new,florida_hvac_first_call_batch_150.csv
Ez Cooling Solutions LLC,,Labelle,Central Inland Florida,,HVAC,new,florida_hvac_first_call_batch_150.csv
Florida Air Conditioning Solutions INC,,Winter Haven,Central Inland Florida,,HVAC,new,florida_hvac_first_call_batch_150.csv
Glades Air Conditioning,,Clewiston,Central Inland Florida,,HVAC,new,florida_hvac_first_call_batch_150.csv
Griffin And Kampman Air And Electric Services INC,,Sebring,Central Inland Florida,,HVAC,new,florida_hvac_first_call_batch_150.csv
Indoor Comfort Solutions,,Lake Wales,Central Inland Florida,,HVAC,new,florida_hvac_first_call_batch_150.csv
J C Carson Air Systems INC,,Lake Wales,Central Inland Florida,,HVAC,new,florida_hvac_first_call_batch_150.csv
Joe Breezy Air Of Polk INC,,Polk City,Central Inland Florida,,HVAC,new,florida_hvac_first_call_batch_150.csv
John Palmer Electric INC,,Avon Park,Central Inland Florida,,HVAC,new,florida_hvac_first_call_batch_150.csv
Lilley Air Conditioning INC,,Lakeland,Central Inland Florida,,HVAC,new,florida_hvac_first_call_batch_150.csv
Michael Pollitt INCorporated,,Avon Park,Central Inland Florida,,HVAC,new,florida_hvac_first_call_batch_150.csv
Millers Central Air INC,,Lake Placid,Central Inland Florida,,HVAC,new,florida_hvac_first_call_batch_150.csv
Miners Refrigeration LLC,,Fort Myers,Central Inland Florida,,HVAC,new,florida_hvac_first_call_batch_150.csv
One Source Air LLC,,Okeechobee,Central Inland Florida,,HVAC,new,florida_hvac_first_call_batch_150.csv
Orangeflo Construction Technologies,,Winter Haven,Central Inland Florida,,HVAC,new,florida_hvac_first_call_batch_150.csv
Phillips AC And Heating Services LLC,,Labelle,Central Inland Florida,,HVAC,new,florida_hvac_first_call_batch_150.csv
